timestamp,pid,rol,rss_mb,cpu_percent
2026-08-12T12:24:43,28320,padre,4.6,0.0
2026-08-12T12:24:43,18880,worker,34.7,0.0
2026-08-12T12:24:43,32672,worker,95.9,0.0
2026-08-12T12:24:43,17792,worker,96.1,0.0
2026-08-12T12:24:43,22824,worker,96.4,0.0
2026-08-12T12:24:43,6420,worker,96.3,0.0
2026-08-12T12:24:58,28320,padre,4.6,0.0
2026-08-12T12:24:58,18880,worker,34.7,0.0
2026-08-12T12:24:58,32672,worker,95.9,0.0
2026-08-12T12:24:58,17792,worker,96.1,0.0
2026-08-12T12:24:58,22824,worker,96.4,0.0
2026-08-12T12:24:58,6420,worker,96.2,0.0
2026-08-12T12:25:13,28320,padre,4.6,0.0
2026-08-12T12:25:13,18880,worker,34.7,0.0
2026-08-12T12:25:13,32672,worker,95.9,0.0
2026-08-12T12:25:13,17792,worker,96.1,0.0
2026-08-12T12:25:13,22824,worker,96.4,0.0
2026-08-12T12:25:13,6420,worker,96.2,0.0
2026-08-12T12:25:28,28320,padre,4.6,0.0
2026-08-12T12:25:28,18880,worker,34.7,0.0
2026-08-12T12:25:28,32672,worker,95.9,0.0
2026-08-12T12:25:28,17792,worker,96.1,0.0
2026-08-12T12:25:28,22824,worker,96.4,0.0
2026-08-12T12:25:28,6420,worker,96.2,0.0
2026-08-12T12:25:43,28320,padre,4.6,0.0
2026-08-12T12:25:43,18880,worker,34.7,0.0
2026-08-12T12:25:43,32672,worker,95.9,0.0
2026-08-12T12:25:43,17792,worker,96.1,0.0
2026-08-12T12:25:43,22824,worker,96.4,0.0
2026-08-12T12:25:43,6420,worker,96.2,0.0
2026-08-12T12:25:58,28320,padre,4.6,0.0
2026-08-12T12:25:58,18880,worker,34.7,0.0
2026-08-12T12:25:58,32672,worker,95.9,0.0
2026-08-12T12:25:58,17792,worker,96.1,0.0
2026-08-12T12:25:58,22824,worker,96.3,0.0
2026-08-12T12:25:58,6420,worker,96.2,0.0
2026-08-12T12:26:13,28320,padre,4.6,0.0
2026-08-12T12:26:13,18880,worker,34.7,0.0
2026-08-12T12:26:13,32672,worker,95.9,0.0
2026-08-12T12:26:13,17792,worker,96.0,0.0
2026-08-12T12:26:13,22824,worker,96.3,0.0
2026-08-12T12:26:13,6420,worker,96.2,0.0
2026-08-12T12:26:28,28320,padre,4.6,0.0
2026-08-12T12:26:28,18880,worker,34.7,0.0
2026-08-12T12:26:28,32672,worker,95.9,0.0
2026-08-12T12:26:28,17792,worker,96.0,0.0
2026-08-12T12:26:28,22824,worker,96.3,0.0
2026-08-12T12:26:28,6420,worker,96.2,0.0
2026-08-12T12:26:43,28320,padre,4.6,0.0
2026-08-12T12:26:43,18880,worker,34.7,0.0
2026-08-12T12:26:43,32672,worker,95.9,0.0
2026-08-12T12:26:43,17792,worker,96.0,0.0
2026-08-12T12:26:43,22824,worker,96.3,0.0
2026-08-12T12:26:43,6420,worker,96.2,0.0
2026-08-12T12:26:58,28320,padre,4.6,0.0
2026-08-12T12:26:58,18880,worker,34.7,0.0
2026-08-12T12:26:58,32672,worker,95.9,0.0
2026-08-12T12:26:58,17792,worker,96.0,0.0
2026-08-12T12:26:58,22824,worker,96.3,0.0
2026-08-12T12:26:58,6420,worker,96.2,0.0
2026-08-12T12:27:13,28320,padre,4.6,0.0
2026-08-12T12:27:13,18880,worker,34.7,0.0
2026-08-12T12:27:13,32672,worker,95.8,0.0
2026-08-12T12:27:13,17792,worker,96.0,0.0
2026-08-12T12:27:13,22824,worker,96.3,0.0
2026-08-12T12:27:13,6420,worker,96.2,0.0
2026-08-12T12:27:28,28320,padre,4.6,0.0
2026-08-12T12:27:28,18880,worker,34.7,0.0
2026-08-12T12:27:28,32672,worker,95.8,0.0
2026-08-12T12:27:28,17792,worker,96.0,0.0
2026-08-12T12:27:28,22824,worker,96.3,0.0
2026-08-12T12:27:28,6420,worker,96.2,0.0
2026-08-12T12:27:43,28320,padre,4.6,0.0
2026-08-12T12:27:43,18880,worker,34.7,0.0
2026-08-12T12:27:43,32672,worker,95.8,0.0
2026-08-12T12:27:43,17792,worker,96.0,0.0
2026-08-12T12:27:43,22824,worker,96.3,0.0
2026-08-12T12:27:43,6420,worker,96.2,0.0
2026-08-12T12:27:58,28320,padre,4.6,0.0
2026-08-12T12:27:58,18880,worker,34.7,0.0
2026-08-12T12:27:58,32672,worker,95.8,0.0
2026-08-12T12:27:58,17792,worker,96.0,0.0
2026-08-12T12:27:58,22824,worker,96.3,0.0
2026-08-12T12:27:58,6420,worker,96.2,0.0
2026-08-12T12:28:13,28320,padre,4.6,0.0
2026-08-12T12:28:13,18880,worker,34.7,0.0
2026-08-12T12:28:13,32672,worker,95.8,0.0
2026-08-12T12:28:13,17792,worker,96.0,0.0
2026-08-12T12:28:13,22824,worker,96.3,0.0
2026-08-12T12:28:13,6420,worker,96.2,0.0
2026-08-12T12:28:28,28320,padre,4.6,0.0
2026-08-12T12:28:28,18880,worker,34.7,0.0
2026-08-12T12:28:28,32672,worker,95.8,0.0
2026-08-12T12:28:28,17792,worker,96.0,0.0
2026-08-12T12:28:28,22824,worker,96.3,0.0
2026-08-12T12:28:28,6420,worker,96.2,0.0
2026-08-12T12:28:43,28320,padre,4.6,0.0
2026-08-12T12:28:43,18880,worker,34.7,0.0
2026-08-12T12:28:43,32672,worker,95.8,0.0
2026-08-12T12:28:43,17792,worker,96.0,0.0
2026-08-12T12:28:43,22824,worker,96.3,0.0
2026-08-12T12:28:43,6420,worker,96.2,0.0
2026-08-12T12:28:58,28320,padre,4.7,0.0
2026-08-12T12:28:58,18880,worker,34.8,0.0
2026-08-12T12:28:58,32672,worker,96.0,0.0
2026-08-12T12:28:58,17792,worker,96.2,0.0
2026-08-12T12:28:58,22824,worker,96.4,0.0
2026-08-12T12:28:58,6420,worker,96.3,0.0
2026-08-12T12:29:13,28320,padre,4.7,0.0
2026-08-12T12:29:13,18880,worker,34.8,0.0
2026-08-12T12:29:13,32672,worker,103.3,0.0
2026-08-12T12:29:13,17792,worker,165.7,0.0
2026-08-12T12:29:13,22824,worker,165.9,0.0
2026-08-12T12:29:13,6420,worker,166.0,0.0
2026-08-12T12:29:28,28320,padre,4.7,0.0
2026-08-12T12:29:28,18880,worker,34.8,0.0
2026-08-12T12:29:28,32672,worker,195.4,0.0
2026-08-12T12:29:28,17792,worker,170.9,0.0
2026-08-12T12:29:28,22824,worker,162.1,0.0
2026-08-12T12:29:28,6420,worker,163.4,0.0
2026-08-12T12:29:28,15048,worker,82.7,0.0
2026-08-12T12:29:28,18604,worker,90.3,0.0
2026-08-12T12:29:43,28320,padre,4.7,0.0
2026-08-12T12:29:43,18880,worker,34.8,0.0
2026-08-12T12:29:43,32672,worker,187.4,0.0
2026-08-12T12:29:43,17792,worker,170.9,0.0
2026-08-12T12:29:43,22824,worker,162.7,0.0
2026-08-12T12:29:43,6420,worker,169.7,0.0
2026-08-12T12:29:43,16576,worker,24.7,0.0
2026-08-12T12:29:43,15048,worker,95.0,0.0
2026-08-12T12:29:43,18604,worker,99.4,0.0
2026-08-12T12:29:43,564,worker,82.7,0.0
2026-08-12T12:29:58,28320,padre,4.7,0.0
2026-08-12T12:29:58,18880,worker,34.8,0.0
2026-08-12T12:29:58,32672,worker,198.3,0.0
2026-08-12T12:29:58,17792,worker,170.8,0.0
2026-08-12T12:29:58,22824,worker,162.7,0.0
2026-08-12T12:29:58,6420,worker,169.8,0.0
2026-08-12T12:29:58,16576,worker,95.4,0.0
2026-08-12T12:29:58,15048,worker,95.0,0.0
2026-08-12T12:29:58,18604,worker,99.4,0.0
2026-08-12T12:29:58,564,worker,138.7,0.0
2026-08-12T12:30:13,28320,padre,4.7,0.0
2026-08-12T12:30:13,18880,worker,34.8,0.0
2026-08-12T12:30:13,32672,worker,188.5,0.0
2026-08-12T12:30:13,17792,worker,176.1,0.0
2026-08-12T12:30:13,22824,worker,168.9,0.0
2026-08-12T12:30:13,6420,worker,197.4,0.0
2026-08-12T12:30:13,16576,worker,146.4,0.0
2026-08-12T12:30:13,32568,worker,153.2,0.0
2026-08-12T12:30:13,16536,worker,69.5,0.0
2026-08-12T12:30:13,15048,worker,101.1,0.0
2026-08-12T12:30:13,18604,worker,105.8,0.0
2026-08-12T12:30:13,564,worker,146.0,0.0
2026-08-12T12:30:28,28320,padre,4.6,0.0
2026-08-12T12:30:28,18880,worker,34.8,0.0
2026-08-12T12:30:28,32672,worker,223.9,0.0
2026-08-12T12:30:28,17792,worker,178.7,0.0
2026-08-12T12:30:28,22824,worker,177.6,0.0
2026-08-12T12:30:28,6420,worker,230.1,0.0
2026-08-12T12:30:28,16576,worker,139.2,0.0
2026-08-12T12:30:28,32568,worker,145.2,0.0
2026-08-12T12:30:28,16536,worker,82.7,0.0
2026-08-12T12:30:28,15048,worker,98.3,0.0
2026-08-12T12:30:28,30060,worker,83.1,0.0
2026-08-12T12:30:28,18604,worker,123.5,0.0
2026-08-12T12:30:28,564,worker,146.0,0.0
2026-08-12T12:30:43,28320,padre,4.6,0.0
2026-08-12T12:30:43,18880,worker,34.8,0.0
2026-08-12T12:30:43,32672,worker,223.0,0.0
2026-08-12T12:30:43,17792,worker,178.6,0.0
2026-08-12T12:30:43,22824,worker,177.9,0.0
2026-08-12T12:30:43,6420,worker,229.1,0.0
2026-08-12T12:30:43,16576,worker,146.4,0.0
2026-08-12T12:30:43,32568,worker,150.2,0.0
2026-08-12T12:30:43,16536,worker,82.7,0.0
2026-08-12T12:30:43,15048,worker,98.3,0.0
2026-08-12T12:30:43,30060,worker,83.1,0.0
2026-08-12T12:30:43,18604,worker,123.5,0.0
2026-08-12T12:30:43,564,worker,146.0,0.0
2026-08-12T12:30:58,28320,padre,4.6,0.0
2026-08-12T12:30:58,18880,worker,34.8,0.0
2026-08-12T12:30:58,32672,worker,247.5,0.0
2026-08-12T12:30:58,17792,worker,175.6,0.0
2026-08-12T12:30:58,22824,worker,176.9,0.0
2026-08-12T12:30:58,6420,worker,240.9,0.0
2026-08-12T12:30:58,16576,worker,146.7,0.0
2026-08-12T12:30:58,32568,worker,140.7,0.0
2026-08-12T12:30:58,16536,worker,82.7,0.0
2026-08-12T12:30:58,15048,worker,104.1,0.0
2026-08-12T12:30:58,30060,worker,83.1,0.0
2026-08-12T12:30:58,18604,worker,155.3,0.0
2026-08-12T12:30:58,564,worker,152.4,0.0
2026-08-12T12:31:13,28320,padre,4.6,0.0
2026-08-12T12:31:13,18880,worker,34.8,0.0
2026-08-12T12:31:13,32672,worker,236.7,0.0
2026-08-12T12:31:13,17792,worker,175.6,0.0
2026-08-12T12:31:13,22824,worker,176.9,0.0
2026-08-12T12:31:13,6420,worker,240.9,0.0
2026-08-12T12:31:13,16576,worker,146.7,0.0
2026-08-12T12:31:13,32568,worker,140.6,0.0
2026-08-12T12:31:13,16536,worker,82.7,0.0
2026-08-12T12:31:13,15048,worker,108.2,0.0
2026-08-12T12:31:13,30060,worker,90.2,0.0
2026-08-12T12:31:13,18604,worker,134.1,0.0
2026-08-12T12:31:13,564,worker,127.3,0.0
2026-08-12T12:31:28,28320,padre,4.6,0.0
2026-08-12T12:31:28,18880,worker,34.8,0.0
2026-08-12T12:31:28,32672,worker,267.8,0.0
2026-08-12T12:31:28,17792,worker,178.5,0.0
2026-08-12T12:31:28,22824,worker,176.9,0.0
2026-08-12T12:31:28,6420,worker,229.6,0.0
2026-08-12T12:31:28,16576,worker,151.8,0.0
2026-08-12T12:31:28,32568,worker,145.6,0.0
2026-08-12T12:31:28,16536,worker,82.7,0.0
2026-08-12T12:31:28,15048,worker,101.9,0.0
2026-08-12T12:31:28,30060,worker,96.0,0.0
2026-08-12T12:31:28,18604,worker,134.1,0.0
2026-08-12T12:31:28,564,worker,125.7,0.0
2026-08-12T12:31:43,28320,padre,4.6,0.0
2026-08-12T12:31:43,18880,worker,34.8,0.0
2026-08-12T12:31:43,32672,worker,264.3,0.0
2026-08-12T12:31:43,17792,worker,178.7,0.0
2026-08-12T12:31:43,22824,worker,178.4,0.0
2026-08-12T12:31:43,6420,worker,249.4,0.0
2026-08-12T12:31:43,16576,worker,166.2,0.0
2026-08-12T12:31:43,32568,worker,160.5,0.0
2026-08-12T12:31:43,16536,worker,82.7,0.0
2026-08-12T12:31:43,15048,worker,104.8,0.0
2026-08-12T12:31:43,30060,worker,101.6,0.0
2026-08-12T12:31:43,18604,worker,134.1,0.0
2026-08-12T12:31:43,564,worker,125.7,0.0
2026-08-12T12:31:58,28320,padre,4.6,0.0
2026-08-12T12:31:58,18880,worker,34.8,0.0
2026-08-12T12:31:58,32672,worker,264.1,0.0
2026-08-12T12:31:58,17792,worker,209.0,0.0
2026-08-12T12:31:58,22824,worker,178.4,0.0
2026-08-12T12:31:58,6420,worker,248.2,0.0
2026-08-12T12:31:58,16576,worker,153.5,0.0
2026-08-12T12:31:58,32568,worker,142.5,0.0
2026-08-12T12:31:58,16536,worker,82.7,0.0
2026-08-12T12:31:58,15048,worker,170.0,0.0
2026-08-12T12:31:58,30060,worker,139.8,0.0
2026-08-12T12:31:58,18604,worker,140.7,0.0
2026-08-12T12:31:58,564,worker,125.7,0.0
2026-08-12T12:32:13,28320,padre,4.6,0.0
2026-08-12T12:32:13,18880,worker,34.8,0.0
2026-08-12T12:32:13,32672,worker,277.9,0.0
2026-08-12T12:32:13,17792,worker,209.1,0.0
2026-08-12T12:32:13,22824,worker,178.4,0.0
2026-08-12T12:32:13,6420,worker,237.4,0.0
2026-08-12T12:32:13,16576,worker,161.6,0.0
2026-08-12T12:32:13,32568,worker,148.4,0.0
2026-08-12T12:32:13,16536,worker,89.5,0.0
2026-08-12T12:32:13,15048,worker,152.8,0.0
2026-08-12T12:32:13,30060,worker,139.8,0.0
2026-08-12T12:32:13,18604,worker,156.9,0.0
2026-08-12T12:32:13,564,worker,161.2,0.0
2026-08-12T12:32:28,28320,padre,4.6,0.0
2026-08-12T12:32:28,18880,worker,34.8,0.0
2026-08-12T12:32:28,32672,worker,264.7,0.0
2026-08-12T12:32:28,17792,worker,229.6,0.0
2026-08-12T12:32:28,22824,worker,209.0,0.0
2026-08-12T12:32:28,6420,worker,251.4,0.0
2026-08-12T12:32:28,16576,worker,176.9,0.0
2026-08-12T12:32:28,32568,worker,163.9,0.0
2026-08-12T12:32:28,16536,worker,138.6,0.0
2026-08-12T12:32:28,12412,worker,90.3,0.0
2026-08-12T12:32:28,15048,worker,116.9,0.0
2026-08-12T12:32:28,30060,worker,146.8,0.0
2026-08-12T12:32:28,18604,worker,161.6,0.0
2026-08-12T12:32:28,564,worker,147.3,0.0
2026-08-12T12:32:43,28320,padre,4.6,0.0
2026-08-12T12:32:43,18880,worker,34.8,0.0
2026-08-12T12:32:43,32672,worker,264.5,0.0
2026-08-12T12:32:43,17792,worker,228.8,0.0
2026-08-12T12:32:43,22824,worker,242.0,0.0
2026-08-12T12:32:43,6420,worker,239.8,0.0
2026-08-12T12:32:43,16576,worker,178.1,0.0
2026-08-12T12:32:43,32568,worker,147.3,0.0
2026-08-12T12:32:43,16536,worker,138.6,0.0
2026-08-12T12:32:43,12412,worker,117.8,0.0
2026-08-12T12:32:43,15048,worker,116.9,0.0
2026-08-12T12:32:43,30060,worker,146.7,0.0
2026-08-12T12:32:43,18604,worker,161.6,0.0
2026-08-12T12:32:43,564,worker,147.3,0.0
2026-08-12T12:32:58,28320,padre,4.6,0.0
2026-08-12T12:32:58,18880,worker,34.8,0.0
2026-08-12T12:32:58,32672,worker,264.5,0.0
2026-08-12T12:32:58,17792,worker,227.9,0.0
2026-08-12T12:32:58,22824,worker,240.8,0.0
2026-08-12T12:32:58,6420,worker,248.9,0.0
2026-08-12T12:32:58,16576,worker,169.5,0.0
2026-08-12T12:32:58,32568,worker,155.4,0.0
2026-08-12T12:32:58,16536,worker,138.6,0.0
2026-08-12T12:32:58,12412,worker,99.3,0.0
2026-08-12T12:32:58,15048,worker,126.7,0.0
2026-08-12T12:32:58,30060,worker,151.9,0.0
2026-08-12T12:32:58,18604,worker,161.6,0.0
2026-08-12T12:32:58,564,worker,147.3,0.0
2026-08-12T12:33:13,28320,padre,4.6,0.0
2026-08-12T12:33:13,18880,worker,34.8,0.0
2026-08-12T12:33:13,32672,worker,277.7,0.0
2026-08-12T12:33:13,17792,worker,243.3,0.0
2026-08-12T12:33:13,22824,worker,230.0,0.0
2026-08-12T12:33:13,6420,worker,239.0,0.0
2026-08-12T12:33:13,16576,worker,179.2,0.0
2026-08-12T12:33:13,32568,worker,159.0,0.0
2026-08-12T12:33:13,16536,worker,147.2,0.0
2026-08-12T12:33:13,12412,worker,99.3,0.0
2026-08-12T12:33:13,15048,worker,126.7,0.0
2026-08-12T12:33:13,30060,worker,151.9,0.0
2026-08-12T12:33:13,18604,worker,161.6,0.0
2026-08-12T12:33:13,564,worker,170.6,0.0
2026-08-12T12:33:28,28320,padre,4.6,0.0
2026-08-12T12:33:28,18880,worker,34.8,0.0
2026-08-12T12:33:28,32672,worker,263.7,0.0
2026-08-12T12:33:28,17792,worker,235.9,0.0
2026-08-12T12:33:28,22824,worker,229.0,0.0
2026-08-12T12:33:28,6420,worker,294.0,0.0
2026-08-12T12:33:28,16576,worker,179.2,0.0
2026-08-12T12:33:28,32568,worker,159.0,0.0
2026-08-12T12:33:28,16536,worker,147.2,0.0
2026-08-12T12:33:28,12412,worker,99.3,0.0
2026-08-12T12:33:28,15048,worker,122.3,0.0
2026-08-12T12:33:28,30060,worker,140.1,0.0
2026-08-12T12:33:28,18604,worker,148.1,0.0
2026-08-12T12:33:28,564,worker,153.4,0.0
2026-08-12T12:33:43,28320,padre,4.6,0.0
2026-08-12T12:33:43,18880,worker,34.8,0.0
2026-08-12T12:33:43,32672,worker,264.1,0.0
2026-08-12T12:33:43,17792,worker,238.5,0.0
2026-08-12T12:33:43,22824,worker,229.3,0.0
2026-08-12T12:33:43,6420,worker,283.9,0.0
2026-08-12T12:33:43,16576,worker,179.2,0.0
2026-08-12T12:33:43,32568,worker,159.0,0.0
2026-08-12T12:33:43,16536,worker,147.2,0.0
2026-08-12T12:33:43,12412,worker,99.3,0.0
2026-08-12T12:33:43,15048,worker,131.1,0.0
2026-08-12T12:33:43,30060,worker,141.8,0.0
2026-08-12T12:33:43,18604,worker,152.4,0.0
2026-08-12T12:33:43,564,worker,162.1,0.0
2026-08-12T12:33:58,28320,padre,4.6,0.0
2026-08-12T12:33:58,18880,worker,34.8,0.0
2026-08-12T12:33:58,32672,worker,264.2,0.0
2026-08-12T12:33:58,17792,worker,238.8,0.0
2026-08-12T12:33:58,22824,worker,248.5,0.0
2026-08-12T12:33:58,6420,worker,278.5,0.0
2026-08-12T12:33:58,16576,worker,179.2,0.0
2026-08-12T12:33:58,32568,worker,159.0,0.0
2026-08-12T12:33:58,16536,worker,147.2,0.0
2026-08-12T12:33:58,12412,worker,106.0,0.0
2026-08-12T12:33:58,15048,worker,156.3,0.0
2026-08-12T12:33:58,30060,worker,166.1,0.0
2026-08-12T12:33:58,18604,worker,152.4,0.0
2026-08-12T12:33:58,564,worker,162.1,0.0
2026-08-12T12:34:13,28320,padre,4.6,0.0
2026-08-12T12:34:13,18880,worker,34.8,0.0
2026-08-12T12:34:13,32672,worker,264.3,0.0
2026-08-12T12:34:13,17792,worker,238.8,0.0
2026-08-12T12:34:13,22824,worker,249.4,0.0
2026-08-12T12:34:13,6420,worker,276.2,0.0
2026-08-12T12:34:13,16576,worker,174.0,0.0
2026-08-12T12:34:13,32568,worker,166.8,0.0
2026-08-12T12:34:13,16536,worker,141.1,0.0
2026-08-12T12:34:13,12412,worker,106.0,0.0
2026-08-12T12:34:13,15048,worker,156.3,0.0
2026-08-12T12:34:13,30060,worker,148.5,0.0
2026-08-12T12:34:13,18604,worker,156.8,0.0
2026-08-12T12:34:13,564,worker,158.0,0.0
2026-08-12T12:34:28,28320,padre,4.6,0.0
2026-08-12T12:34:28,18880,worker,34.8,0.0
2026-08-12T12:34:28,32672,worker,264.8,0.0
2026-08-12T12:34:28,17792,worker,236.0,0.0
2026-08-12T12:34:28,22824,worker,235.0,0.0
2026-08-12T12:34:28,6420,worker,273.8,0.0
2026-08-12T12:34:28,16576,worker,174.0,0.0
2026-08-12T12:34:28,32568,worker,166.8,0.0
2026-08-12T12:34:28,16536,worker,148.5,0.0
2026-08-12T12:34:28,12412,worker,123.4,0.0
2026-08-12T12:34:28,15048,worker,156.5,0.0
2026-08-12T12:34:28,30060,worker,148.5,0.0
2026-08-12T12:34:28,18604,worker,157.0,0.0
2026-08-12T12:34:28,564,worker,158.0,0.0
2026-08-12T12:34:43,28320,padre,4.6,0.0
2026-08-12T12:34:43,18880,worker,34.8,0.0
2026-08-12T12:34:43,32672,worker,265.1,0.0
2026-08-12T12:34:43,17792,worker,236.4,0.0
2026-08-12T12:34:43,22824,worker,235.0,0.0
2026-08-12T12:34:43,6420,worker,273.9,0.0
2026-08-12T12:34:43,16576,worker,174.2,0.0
2026-08-12T12:34:43,32568,worker,166.8,0.0
2026-08-12T12:34:43,16536,worker,148.5,0.0
2026-08-12T12:34:43,12412,worker,123.4,0.0
2026-08-12T12:34:43,15048,worker,160.8,0.0
2026-08-12T12:34:43,30060,worker,148.5,0.0
2026-08-12T12:34:43,18604,worker,167.2,0.0
2026-08-12T12:34:43,564,worker,162.8,0.0
2026-08-12T12:34:58,28320,padre,4.6,0.0
2026-08-12T12:34:58,18880,worker,34.8,0.0
2026-08-12T12:34:58,32672,worker,276.2,0.0
2026-08-12T12:34:58,17792,worker,250.0,0.0
2026-08-12T12:34:58,22824,worker,251.0,0.0
2026-08-12T12:34:58,6420,worker,287.2,0.0
2026-08-12T12:34:58,16576,worker,181.2,0.0
2026-08-12T12:34:58,32568,worker,184.8,0.0
2026-08-12T12:34:58,16536,worker,148.5,0.0
2026-08-12T12:34:58,12412,worker,152.8,0.0
2026-08-12T12:34:58,15048,worker,172.8,0.0
2026-08-12T12:34:58,30060,worker,155.4,0.0
2026-08-12T12:34:58,18604,worker,167.4,0.0
2026-08-12T12:34:58,564,worker,177.8,0.0
2026-08-12T12:35:13,28320,padre,4.6,0.0
2026-08-12T12:35:13,18880,worker,34.8,0.0
2026-08-12T12:35:13,32672,worker,274.0,0.0
2026-08-12T12:35:13,17792,worker,248.8,0.0
2026-08-12T12:35:13,22824,worker,249.8,0.0
2026-08-12T12:35:13,6420,worker,288.2,0.0
2026-08-12T12:35:13,16576,worker,156.2,0.0
2026-08-12T12:35:13,32568,worker,166.5,0.0
2026-08-12T12:35:13,16536,worker,143.5,0.0
2026-08-12T12:35:13,12412,worker,133.8,0.0
2026-08-12T12:35:13,15048,worker,155.1,0.0
2026-08-12T12:35:13,30060,worker,155.4,0.0
2026-08-12T12:35:13,18604,worker,167.4,0.0
2026-08-12T12:35:13,564,worker,162.0,0.0
2026-08-12T12:35:28,28320,padre,4.6,0.0
2026-08-12T12:35:28,18880,worker,34.8,0.0
2026-08-12T12:35:28,32672,worker,274.0,0.0
2026-08-12T12:35:28,17792,worker,248.9,0.0
2026-08-12T12:35:28,22824,worker,249.8,0.0
2026-08-12T12:35:28,6420,worker,281.3,0.0
2026-08-12T12:35:28,16576,worker,158.4,0.0
2026-08-12T12:35:28,32568,worker,174.3,0.0
2026-08-12T12:35:28,16536,worker,143.5,0.0
2026-08-12T12:35:28,12412,worker,133.8,0.0
2026-08-12T12:35:28,15048,worker,160.4,0.0
2026-08-12T12:35:28,30060,worker,154.8,0.0
2026-08-12T12:35:28,18604,worker,167.4,0.0
2026-08-12T12:35:28,564,worker,162.0,0.0
2026-08-12T12:35:43,28320,padre,4.6,0.0
2026-08-12T12:35:43,18880,worker,34.8,0.0
2026-08-12T12:35:43,32672,worker,272.5,0.0
2026-08-12T12:35:43,17792,worker,237.1,0.0
2026-08-12T12:35:43,22824,worker,250.1,0.0
2026-08-12T12:35:43,6420,worker,268.4,0.0
2026-08-12T12:35:43,16576,worker,158.4,0.0
2026-08-12T12:35:43,32568,worker,179.0,0.0
2026-08-12T12:35:43,16536,worker,143.5,0.0
2026-08-12T12:35:43,12412,worker,133.8,0.0
2026-08-12T12:35:43,15048,worker,169.4,0.0
2026-08-12T12:35:43,30060,worker,162.0,0.0
2026-08-12T12:35:43,18604,worker,167.4,0.0
2026-08-12T12:35:43,564,worker,162.0,0.0
2026-08-12T12:35:58,28320,padre,4.6,0.0
2026-08-12T12:35:58,18880,worker,34.8,0.0
2026-08-12T12:35:58,32672,worker,264.6,0.0
2026-08-12T12:35:58,17792,worker,240.4,0.0
2026-08-12T12:35:58,22824,worker,243.1,0.0
2026-08-12T12:35:58,6420,worker,268.6,0.0
2026-08-12T12:35:58,16576,worker,158.4,0.0
2026-08-12T12:35:58,32568,worker,179.0,0.0
2026-08-12T12:35:58,16536,worker,150.3,0.0
2026-08-12T12:35:58,12412,worker,157.6,0.0
2026-08-12T12:35:58,15048,worker,173.7,0.0
2026-08-12T12:35:58,30060,worker,157.8,0.0
2026-08-12T12:35:58,18604,worker,151.6,0.0
2026-08-12T12:35:58,564,worker,168.9,0.0
2026-08-12T12:36:14,28320,padre,4.6,0.0
2026-08-12T12:36:14,18880,worker,34.8,0.0
2026-08-12T12:36:14,32672,worker,260.9,0.0
2026-08-12T12:36:14,17792,worker,238.9,0.0
2026-08-12T12:36:14,22824,worker,242.1,0.0
2026-08-12T12:36:14,6420,worker,268.7,0.0
2026-08-12T12:36:14,16576,worker,158.4,0.0
2026-08-12T12:36:14,32568,worker,179.0,0.0
2026-08-12T12:36:14,16536,worker,150.3,0.0
2026-08-12T12:36:14,12412,worker,141.2,0.0
2026-08-12T12:36:14,15048,worker,174.2,0.0
2026-08-12T12:36:14,30060,worker,176.9,0.0
2026-08-12T12:36:14,18604,worker,159.2,0.0
2026-08-12T12:36:14,564,worker,173.4,0.0
2026-08-12T12:36:29,28320,padre,4.6,0.0
2026-08-12T12:36:29,18880,worker,34.8,0.0
2026-08-12T12:36:29,32672,worker,260.9,0.0
2026-08-12T12:36:29,17792,worker,238.9,0.0
2026-08-12T12:36:29,22824,worker,242.5,0.0
2026-08-12T12:36:29,6420,worker,283.8,0.0
2026-08-12T12:36:29,16576,worker,176.7,0.0
2026-08-12T12:36:29,32568,worker,179.0,0.0
2026-08-12T12:36:29,16536,worker,148.2,0.0
2026-08-12T12:36:29,12412,worker,145.4,0.0
2026-08-12T12:36:29,15048,worker,174.2,0.0
2026-08-12T12:36:29,30060,worker,172.4,0.0
2026-08-12T12:36:29,18604,worker,159.2,0.0
2026-08-12T12:36:29,564,worker,178.3,0.0
2026-08-12T12:36:44,28320,padre,4.6,0.0
2026-08-12T12:36:44,18880,worker,34.8,0.0
2026-08-12T12:36:44,32672,worker,258.5,0.0
2026-08-12T12:36:44,17792,worker,247.6,0.0
2026-08-12T12:36:44,22824,worker,242.3,0.0
2026-08-12T12:36:44,6420,worker,283.1,0.0
2026-08-12T12:36:44,16576,worker,159.7,0.0
2026-08-12T12:36:44,32568,worker,189.6,0.0
2026-08-12T12:36:44,16536,worker,155.5,0.0
2026-08-12T12:36:44,12412,worker,145.4,0.0
2026-08-12T12:36:44,15048,worker,153.5,0.0
2026-08-12T12:36:44,30060,worker,172.4,0.0
2026-08-12T12:36:44,18604,worker,165.8,0.0
2026-08-12T12:36:44,564,worker,178.3,0.0
2026-08-12T12:36:59,28320,padre,4.6,0.0
2026-08-12T12:36:59,18880,worker,34.8,0.0
2026-08-12T12:36:59,32672,worker,258.6,0.0
2026-08-12T12:36:59,17792,worker,237.0,0.0
2026-08-12T12:36:59,22824,worker,291.6,0.0
2026-08-12T12:36:59,6420,worker,273.1,0.0
2026-08-12T12:36:59,16576,worker,166.7,0.0
2026-08-12T12:36:59,32568,worker,158.2,0.0
2026-08-12T12:36:59,16536,worker,155.5,0.0
2026-08-12T12:36:59,12412,worker,148.2,0.0
2026-08-12T12:36:59,15048,worker,160.9,0.0
2026-08-12T12:36:59,30060,worker,178.1,0.0
2026-08-12T12:36:59,18604,worker,165.8,0.0
2026-08-12T12:36:59,564,worker,178.3,0.0
2026-08-12T12:37:14,28320,padre,4.6,0.0
2026-08-12T12:37:14,18880,worker,34.8,0.0
2026-08-12T12:37:14,32672,worker,258.6,0.0
2026-08-12T12:37:14,17792,worker,237.0,0.0
2026-08-12T12:37:14,22824,worker,280.6,0.0
2026-08-12T12:37:14,6420,worker,272.9,0.0
2026-08-12T12:37:14,16576,worker,171.9,0.0
2026-08-12T12:37:14,32568,worker,175.4,0.0
2026-08-12T12:37:14,16536,worker,160.4,0.0
2026-08-12T12:37:14,12412,worker,153.7,0.0
2026-08-12T12:37:14,15048,worker,160.9,0.0
2026-08-12T12:37:14,30060,worker,163.5,0.0
2026-08-12T12:37:14,18604,worker,165.8,0.0
2026-08-12T12:37:14,564,worker,178.3,0.0
2026-08-12T12:37:29,28320,padre,4.6,0.0
2026-08-12T12:37:29,18880,worker,34.8,0.0
2026-08-12T12:37:29,32672,worker,258.9,0.0
2026-08-12T12:37:29,17792,worker,249.9,0.0
2026-08-12T12:37:29,22824,worker,279.6,0.0
2026-08-12T12:37:29,6420,worker,273.0,0.0
2026-08-12T12:37:29,16576,worker,171.9,0.0
2026-08-12T12:37:29,32568,worker,175.4,0.0
2026-08-12T12:37:29,16536,worker,155.8,0.0
2026-08-12T12:37:29,12412,worker,159.6,0.0
2026-08-12T12:37:29,15048,worker,165.7,0.0
2026-08-12T12:37:29,30060,worker,154.9,0.0
2026-08-12T12:37:29,18604,worker,170.5,0.0
2026-08-12T12:37:29,564,worker,169.8,0.0
2026-08-12T12:37:44,28320,padre,4.6,0.0
2026-08-12T12:37:44,18880,worker,34.8,0.0
2026-08-12T12:37:44,32672,worker,256.8,0.0
2026-08-12T12:37:44,17792,worker,250.2,0.0
2026-08-12T12:37:44,22824,worker,278.7,0.0
2026-08-12T12:37:44,6420,worker,268.6,0.0
2026-08-12T12:37:44,16576,worker,186.2,0.0
2026-08-12T12:37:44,32568,worker,175.4,0.0
2026-08-12T12:37:44,16536,worker,165.7,0.0
2026-08-12T12:37:44,12412,worker,164.3,0.0
2026-08-12T12:37:44,15048,worker,197.4,0.0
2026-08-12T12:37:44,30060,worker,154.9,0.0
2026-08-12T12:37:44,18604,worker,170.5,0.0
2026-08-12T12:37:44,564,worker,169.8,0.0
2026-08-12T12:37:59,28320,padre,4.6,0.0
2026-08-12T12:37:59,18880,worker,34.8,0.0
2026-08-12T12:37:59,32672,worker,257.0,0.0
2026-08-12T12:37:59,17792,worker,239.4,0.0
2026-08-12T12:37:59,22824,worker,274.3,0.0
2026-08-12T12:37:59,6420,worker,269.0,0.0
2026-08-12T12:37:59,16576,worker,175.9,0.0
2026-08-12T12:37:59,32568,worker,175.4,0.0
2026-08-12T12:37:59,16536,worker,165.7,0.0
2026-08-12T12:37:59,12412,worker,164.3,0.0
2026-08-12T12:37:59,15048,worker,163.5,0.0
2026-08-12T12:37:59,30060,worker,174.1,0.0
2026-08-12T12:37:59,18604,worker,170.5,0.0
2026-08-12T12:37:59,564,worker,169.8,0.0
2026-08-12T12:38:14,28320,padre,4.6,0.0
2026-08-12T12:38:14,18880,worker,34.8,0.0
2026-08-12T12:38:14,32672,worker,257.1,0.0
2026-08-12T12:38:14,17792,worker,250.3,0.0
2026-08-12T12:38:14,22824,worker,274.6,0.0
2026-08-12T12:38:14,6420,worker,282.0,0.0
2026-08-12T12:38:14,16576,worker,183.1,0.0
2026-08-12T12:38:14,32568,worker,180.3,0.0
2026-08-12T12:38:14,16536,worker,165.7,0.0
2026-08-12T12:38:14,12412,worker,164.3,0.0
2026-08-12T12:38:14,15048,worker,178.3,0.0
2026-08-12T12:38:14,30060,worker,174.9,0.0
2026-08-12T12:38:14,18604,worker,170.5,0.0
2026-08-12T12:38:14,564,worker,174.4,0.0
2026-08-12T12:38:29,28320,padre,4.6,0.0
2026-08-12T12:38:29,18880,worker,34.8,0.0
2026-08-12T12:38:29,32672,worker,260.1,0.0
2026-08-12T12:38:29,17792,worker,250.2,0.0
2026-08-12T12:38:29,22824,worker,273.9,0.0
2026-08-12T12:38:29,6420,worker,280.4,0.0
2026-08-12T12:38:29,16576,worker,163.8,0.0
2026-08-12T12:38:29,32568,worker,184.9,0.0
2026-08-12T12:38:29,16536,worker,165.7,0.0
2026-08-12T12:38:29,12412,worker,170.1,0.0
2026-08-12T12:38:29,15048,worker,160.9,0.0
2026-08-12T12:38:29,30060,worker,174.9,0.0
2026-08-12T12:38:29,18604,worker,175.6,0.0
2026-08-12T12:38:29,564,worker,174.4,0.0
2026-08-12T12:38:44,28320,padre,4.6,0.0
2026-08-12T12:38:44,18880,worker,34.8,0.0
2026-08-12T12:38:44,32672,worker,287.3,0.0
2026-08-12T12:38:44,17792,worker,279.4,0.0
2026-08-12T12:38:44,22824,worker,276.9,0.0
2026-08-12T12:38:44,6420,worker,278.7,0.0
2026-08-12T12:38:44,16576,worker,163.8,0.0
2026-08-12T12:38:44,32568,worker,164.0,0.0
2026-08-12T12:38:44,16536,worker,171.6,0.0
2026-08-12T12:38:44,12412,worker,155.8,0.0
2026-08-12T12:38:44,15048,worker,160.9,0.0
2026-08-12T12:38:44,30060,worker,174.9,0.0
2026-08-12T12:38:44,18604,worker,175.6,0.0
2026-08-12T12:38:44,564,worker,155.5,0.0
2026-08-12T12:38:59,28320,padre,4.6,0.0
2026-08-12T12:38:59,18880,worker,34.8,0.0
2026-08-12T12:38:59,32672,worker,287.0,0.0
2026-08-12T12:38:59,17792,worker,282.5,0.0
2026-08-12T12:38:59,22824,worker,282.6,0.0
2026-08-12T12:38:59,6420,worker,270.9,0.0
2026-08-12T12:38:59,16576,worker,167.2,0.0
2026-08-12T12:38:59,32568,worker,172.0,0.0
2026-08-12T12:38:59,16536,worker,161.0,0.0
2026-08-12T12:38:59,12412,worker,155.8,0.0
2026-08-12T12:38:59,15048,worker,160.9,0.0
2026-08-12T12:38:59,30060,worker,174.9,0.0
2026-08-12T12:38:59,18604,worker,167.1,0.0
2026-08-12T12:38:59,564,worker,155.5,0.0
2026-08-12T12:39:14,28320,padre,4.6,0.0
2026-08-12T12:39:14,18880,worker,34.8,0.0
2026-08-12T12:39:14,32672,worker,285.0,0.0
2026-08-12T12:39:14,17792,worker,280.6,0.0
2026-08-12T12:39:14,22824,worker,272.6,0.0
2026-08-12T12:39:14,6420,worker,270.8,0.0
2026-08-12T12:39:14,16576,worker,167.2,0.0
2026-08-12T12:39:14,32568,worker,176.8,0.0
2026-08-12T12:39:14,16536,worker,161.0,0.0
2026-08-12T12:39:14,12412,worker,160.5,0.0
2026-08-12T12:39:14,15048,worker,187.4,0.0
2026-08-12T12:39:14,30060,worker,158.0,0.0
2026-08-12T12:39:14,18604,worker,167.1,0.0
2026-08-12T12:39:14,564,worker,173.3,0.0
2026-08-12T12:39:29,28320,padre,4.6,0.0
2026-08-12T12:39:29,18880,worker,34.8,0.0
2026-08-12T12:39:29,32672,worker,284.0,0.0
2026-08-12T12:39:29,17792,worker,282.2,0.0
2026-08-12T12:39:29,22824,worker,273.3,0.0
2026-08-12T12:39:29,6420,worker,270.9,0.0
2026-08-12T12:39:29,16576,worker,174.7,0.0
2026-08-12T12:39:29,32568,worker,182.4,0.0
2026-08-12T12:39:29,16536,worker,175.0,0.0
2026-08-12T12:39:29,12412,worker,165.1,0.0
2026-08-12T12:39:29,15048,worker,179.9,0.0
2026-08-12T12:39:29,30060,worker,164.2,0.0
2026-08-12T12:39:29,18604,worker,167.2,0.0
2026-08-12T12:39:29,564,worker,156.1,0.0
2026-08-12T12:39:44,28320,padre,4.6,0.0
2026-08-12T12:39:44,18880,worker,34.8,0.0
2026-08-12T12:39:44,32672,worker,268.7,0.0
2026-08-12T12:39:44,17792,worker,266.5,0.0
2026-08-12T12:39:44,22824,worker,273.1,0.0
2026-08-12T12:39:44,6420,worker,271.1,0.0
2026-08-12T12:39:44,16576,worker,174.8,0.0
2026-08-12T12:39:44,32568,worker,182.4,0.0
2026-08-12T12:39:44,16536,worker,175.0,0.0
2026-08-12T12:39:44,12412,worker,170.0,0.0
2026-08-12T12:39:44,15048,worker,168.1,0.0
2026-08-12T12:39:44,30060,worker,170.1,0.0
2026-08-12T12:39:44,18604,worker,174.2,0.0
2026-08-12T12:39:44,564,worker,163.3,0.0
2026-08-12T12:39:59,28320,padre,4.6,0.0
2026-08-12T12:39:59,18880,worker,34.8,0.0
2026-08-12T12:39:59,32672,worker,268.8,0.0
2026-08-12T12:39:59,17792,worker,267.0,0.0
2026-08-12T12:39:59,22824,worker,277.0,0.0
2026-08-12T12:39:59,6420,worker,266.9,0.0
2026-08-12T12:39:59,16576,worker,169.6,0.0
2026-08-12T12:39:59,32568,worker,182.4,0.0
2026-08-12T12:39:59,16536,worker,175.0,0.0
2026-08-12T12:39:59,12412,worker,170.0,0.0
2026-08-12T12:39:59,15048,worker,168.1,0.0
2026-08-12T12:39:59,30060,worker,170.1,0.0
2026-08-12T12:39:59,18604,worker,139.4,0.0
2026-08-12T12:39:59,564,worker,163.3,0.0
2026-08-12T12:40:14,28320,padre,4.6,0.0
2026-08-12T12:40:14,18880,worker,34.8,0.0
2026-08-12T12:40:14,32672,worker,276.8,0.0
2026-08-12T12:40:14,17792,worker,267.1,0.0
2026-08-12T12:40:14,22824,worker,271.8,0.0
2026-08-12T12:40:14,6420,worker,267.1,0.0
2026-08-12T12:40:14,16576,worker,156.8,0.0
2026-08-12T12:40:14,32568,worker,186.5,0.0
2026-08-12T12:40:14,16536,worker,175.0,0.0
2026-08-12T12:40:14,12412,worker,170.0,0.0
2026-08-12T12:40:14,15048,worker,172.1,0.0
2026-08-12T12:40:14,30060,worker,170.1,0.0
2026-08-12T12:40:14,18604,worker,160.0,0.0
2026-08-12T12:40:14,564,worker,167.9,0.0
2026-08-12T12:40:29,28320,padre,4.6,0.0
2026-08-12T12:40:29,18880,worker,34.8,0.0
2026-08-12T12:40:29,32672,worker,276.3,0.0
2026-08-12T12:40:29,17792,worker,277.4,0.0
2026-08-12T12:40:29,22824,worker,272.2,0.0
2026-08-12T12:40:29,6420,worker,280.7,0.0
2026-08-12T12:40:29,16576,worker,155.2,0.0
2026-08-12T12:40:29,32568,worker,191.5,0.0
2026-08-12T12:40:29,16536,worker,179.5,0.0
2026-08-12T12:40:29,12412,worker,170.0,0.0
2026-08-12T12:40:29,15048,worker,172.0,0.0
2026-08-12T12:40:29,30060,worker,163.2,0.0
2026-08-12T12:40:29,18604,worker,141.9,0.0
2026-08-12T12:40:29,564,worker,174.1,0.0
2026-08-12T12:40:44,28320,padre,4.6,0.0
2026-08-12T12:40:44,18880,worker,34.8,0.0
2026-08-12T12:40:44,32672,worker,276.9,0.0
2026-08-12T12:40:44,17792,worker,267.8,0.0
2026-08-12T12:40:44,22824,worker,272.2,0.0
2026-08-12T12:40:44,6420,worker,281.2,0.0
2026-08-12T12:40:44,16576,worker,173.7,0.0
2026-08-12T12:40:44,32568,worker,177.8,0.0
2026-08-12T12:40:44,16536,worker,185.0,0.0
2026-08-12T12:40:44,12412,worker,175.2,0.0
2026-08-12T12:40:44,15048,worker,177.3,0.0
2026-08-12T12:40:44,30060,worker,163.2,0.0
2026-08-12T12:40:44,18604,worker,148.2,0.0
2026-08-12T12:40:44,564,worker,156.0,0.0
2026-08-12T12:40:59,28320,padre,4.6,0.0
2026-08-12T12:40:59,18880,worker,34.8,0.0
2026-08-12T12:40:59,32672,worker,267.6,0.0
2026-08-12T12:40:59,17792,worker,267.1,0.0
2026-08-12T12:40:59,22824,worker,272.6,0.0
2026-08-12T12:40:59,6420,worker,271.0,0.0
2026-08-12T12:40:59,16576,worker,162.2,0.0
2026-08-12T12:40:59,32568,worker,176.1,0.0
2026-08-12T12:40:59,16536,worker,185.0,0.0
2026-08-12T12:40:59,12412,worker,160.6,0.0
2026-08-12T12:40:59,15048,worker,169.4,0.0
2026-08-12T12:40:59,30060,worker,167.7,0.0
2026-08-12T12:40:59,18604,worker,154.8,0.0
2026-08-12T12:40:59,564,worker,173.8,0.0
2026-08-12T12:41:14,28320,padre,4.6,0.0
2026-08-12T12:41:14,18880,worker,34.8,0.0
2026-08-12T12:41:14,32672,worker,281.3,0.0
2026-08-12T12:41:14,17792,worker,278.0,0.0
2026-08-12T12:41:14,22824,worker,270.8,0.0
2026-08-12T12:41:14,6420,worker,271.0,0.0
2026-08-12T12:41:14,16576,worker,162.2,0.0
2026-08-12T12:41:14,32568,worker,176.1,0.0
2026-08-12T12:41:14,16536,worker,185.0,0.0
2026-08-12T12:41:14,12412,worker,160.6,0.0
2026-08-12T12:41:14,15048,worker,199.5,0.0
2026-08-12T12:41:14,30060,worker,167.7,0.0
2026-08-12T12:41:14,18604,worker,171.9,0.0
2026-08-12T12:41:14,564,worker,176.4,0.0
2026-08-12T12:41:29,28320,padre,4.6,0.0
2026-08-12T12:41:29,18880,worker,34.8,0.0
2026-08-12T12:41:29,32672,worker,280.3,0.0
2026-08-12T12:41:29,17792,worker,278.1,0.0
2026-08-12T12:41:29,22824,worker,270.9,0.0
2026-08-12T12:41:29,6420,worker,280.4,0.0
2026-08-12T12:41:29,16576,worker,174.8,0.0
2026-08-12T12:41:29,32568,worker,195.3,0.0
2026-08-12T12:41:29,16536,worker,175.0,0.0
2026-08-12T12:41:29,12412,worker,160.6,0.0
2026-08-12T12:41:29,15048,worker,166.5,0.0
2026-08-12T12:41:29,30060,worker,167.7,0.0
2026-08-12T12:41:29,18604,worker,163.7,0.0
2026-08-12T12:41:29,564,worker,162.1,0.0
2026-08-12T12:41:44,28320,padre,4.6,0.0
2026-08-12T12:41:44,18880,worker,34.8,0.0
2026-08-12T12:41:44,32672,worker,269.8,0.0
2026-08-12T12:41:44,17792,worker,267.6,0.0
2026-08-12T12:41:44,22824,worker,270.9,0.0
2026-08-12T12:41:44,6420,worker,267.4,0.0
2026-08-12T12:41:44,16576,worker,164.7,0.0
2026-08-12T12:41:44,32568,worker,189.9,0.0
2026-08-12T12:41:44,16536,worker,175.0,0.0
2026-08-12T12:41:44,12412,worker,160.6,0.0
2026-08-12T12:41:44,15048,worker,171.0,0.0
2026-08-12T12:41:44,30060,worker,180.0,0.0
2026-08-12T12:41:44,18604,worker,168.9,0.0
2026-08-12T12:41:44,564,worker,169.3,0.0
2026-08-12T12:41:59,28320,padre,4.6,0.0
2026-08-12T12:41:59,18880,worker,34.8,0.0
2026-08-12T12:41:59,32672,worker,268.8,0.0
2026-08-12T12:41:59,17792,worker,263.1,0.0
2026-08-12T12:41:59,22824,worker,268.7,0.0
2026-08-12T12:41:59,6420,worker,281.4,0.0
2026-08-12T12:41:59,16576,worker,179.2,0.0
2026-08-12T12:41:59,32568,worker,189.9,0.0
2026-08-12T12:41:59,16536,worker,179.6,0.0
2026-08-12T12:41:59,12412,worker,148.9,0.0
2026-08-12T12:41:59,15048,worker,166.9,0.0
2026-08-12T12:41:59,30060,worker,180.2,0.0
2026-08-12T12:41:59,18604,worker,172.8,0.0
2026-08-12T12:41:59,564,worker,170.1,0.0
2026-08-12T12:42:14,28320,padre,4.6,0.0
2026-08-12T12:42:14,18880,worker,34.8,0.0
2026-08-12T12:42:14,32672,worker,268.8,0.0
2026-08-12T12:42:14,17792,worker,274.1,0.0
2026-08-12T12:42:14,22824,worker,268.4,0.0
2026-08-12T12:42:14,6420,worker,269.6,0.0
2026-08-12T12:42:14,16576,worker,168.7,0.0
2026-08-12T12:42:14,32568,worker,194.8,0.0
2026-08-12T12:42:14,16536,worker,184.9,0.0
2026-08-12T12:42:14,12412,worker,148.9,0.0
2026-08-12T12:42:14,15048,worker,169.8,0.0
2026-08-12T12:42:14,30060,worker,161.5,0.0
2026-08-12T12:42:14,18604,worker,178.2,0.0
2026-08-12T12:42:14,564,worker,173.5,0.0
2026-08-12T12:42:29,28320,padre,4.6,0.0
2026-08-12T12:42:29,18880,worker,34.8,0.0
2026-08-12T12:42:29,32672,worker,268.8,0.0
2026-08-12T12:42:29,17792,worker,263.2,0.0
2026-08-12T12:42:29,22824,worker,268.3,0.0
2026-08-12T12:42:29,6420,worker,270.7,0.0
2026-08-12T12:42:29,16576,worker,174.4,0.0
2026-08-12T12:42:29,32568,worker,179.6,0.0
2026-08-12T12:42:29,16536,worker,184.9,0.0
2026-08-12T12:42:29,12412,worker,149.1,0.0
2026-08-12T12:42:29,15048,worker,178.3,0.0
2026-08-12T12:42:29,30060,worker,165.8,0.0
2026-08-12T12:42:29,18604,worker,182.8,0.0
2026-08-12T12:42:29,564,worker,173.5,0.0
2026-08-12T12:42:44,28320,padre,4.6,0.0
2026-08-12T12:42:44,18880,worker,34.8,0.0
2026-08-12T12:42:44,32672,worker,268.8,0.0
2026-08-12T12:42:44,17792,worker,263.3,0.0
2026-08-12T12:42:44,22824,worker,268.4,0.0
2026-08-12T12:42:44,6420,worker,281.0,0.0
2026-08-12T12:42:44,16576,worker,191.9,0.0
2026-08-12T12:42:44,32568,worker,159.2,0.0
2026-08-12T12:42:44,16536,worker,184.9,0.0
2026-08-12T12:42:44,12412,worker,149.1,0.0
2026-08-12T12:42:44,15048,worker,181.9,0.0
2026-08-12T12:42:44,30060,worker,167.6,0.0
2026-08-12T12:42:44,18604,worker,168.4,0.0
2026-08-12T12:42:44,564,worker,179.1,0.0
2026-08-12T12:42:59,28320,padre,4.6,0.0
2026-08-12T12:42:59,18880,worker,34.8,0.0
2026-08-12T12:42:59,32672,worker,268.9,0.0
2026-08-12T12:42:59,17792,worker,257.5,0.0
2026-08-12T12:42:59,22824,worker,271.1,0.0
2026-08-12T12:42:59,6420,worker,276.4,0.0
2026-08-12T12:42:59,16576,worker,156.9,0.0
2026-08-12T12:42:59,32568,worker,159.3,0.0
2026-08-12T12:42:59,16536,worker,197.3,0.0
2026-08-12T12:42:59,12412,worker,167.9,0.0
2026-08-12T12:42:59,15048,worker,181.9,0.0
2026-08-12T12:42:59,30060,worker,167.6,0.0
2026-08-12T12:42:59,18604,worker,168.3,0.0
2026-08-12T12:42:59,564,worker,183.5,0.0
2026-08-12T12:43:14,28320,padre,4.6,0.0
2026-08-12T12:43:14,18880,worker,34.8,0.0
2026-08-12T12:43:14,32672,worker,267.0,0.0
2026-08-12T12:43:14,17792,worker,258.2,0.0
2026-08-12T12:43:14,22824,worker,269.9,0.0
2026-08-12T12:43:14,6420,worker,283.2,0.0
2026-08-12T12:43:14,16576,worker,176.8,0.0
2026-08-12T12:43:14,32568,worker,178.1,0.0
2026-08-12T12:43:14,16536,worker,155.4,0.0
2026-08-12T12:43:14,12412,worker,156.5,0.0
2026-08-12T12:43:14,15048,worker,181.9,0.0
2026-08-12T12:43:14,30060,worker,175.1,0.0
2026-08-12T12:43:14,18604,worker,177.6,0.0
2026-08-12T12:43:14,564,worker,185.8,0.0
2026-08-12T12:43:29,28320,padre,4.6,0.0
2026-08-12T12:43:29,18880,worker,34.8,0.0
2026-08-12T12:43:29,32672,worker,264.6,0.0
2026-08-12T12:43:29,17792,worker,258.3,0.0
2026-08-12T12:43:29,22824,worker,300.3,0.0
2026-08-12T12:43:29,6420,worker,269.3,0.0
2026-08-12T12:43:29,16576,worker,166.7,0.0
2026-08-12T12:43:29,32568,worker,170.1,0.0
2026-08-12T12:43:29,16536,worker,174.2,0.0
2026-08-12T12:43:29,12412,worker,156.5,0.0
2026-08-12T12:43:29,15048,worker,181.9,0.0
2026-08-12T12:43:29,30060,worker,175.1,0.0
2026-08-12T12:43:29,18604,worker,177.6,0.0
2026-08-12T12:43:29,564,worker,167.3,0.0
2026-08-12T12:43:44,28320,padre,4.6,0.0
2026-08-12T12:43:44,18880,worker,34.8,0.0
2026-08-12T12:43:44,32672,worker,264.7,0.0
2026-08-12T12:43:44,17792,worker,258.5,0.0
2026-08-12T12:43:44,22824,worker,299.4,0.0
2026-08-12T12:43:44,6420,worker,270.4,0.0
2026-08-12T12:43:44,16576,worker,166.7,0.0
2026-08-12T12:43:44,32568,worker,160.9,0.0
2026-08-12T12:43:44,16536,worker,157.0,0.0
2026-08-12T12:43:44,12412,worker,156.5,0.0
2026-08-12T12:43:44,15048,worker,188.1,0.0
2026-08-12T12:43:44,30060,worker,175.1,0.0
2026-08-12T12:43:44,18604,worker,183.4,0.0
2026-08-12T12:43:44,564,worker,184.4,0.0
2026-08-12T12:43:59,28320,padre,4.6,0.0
2026-08-12T12:43:59,18880,worker,34.8,0.0
2026-08-12T12:43:59,32672,worker,298.0,0.0
2026-08-12T12:43:59,17792,worker,257.8,0.0
2026-08-12T12:43:59,22824,worker,288.6,0.0
2026-08-12T12:43:59,6420,worker,271.0,0.0
2026-08-12T12:43:59,16576,worker,166.7,0.0
2026-08-12T12:43:59,32568,worker,160.9,0.0
2026-08-12T12:43:59,16536,worker,164.7,0.0
2026-08-12T12:43:59,12412,worker,161.2,0.0
2026-08-12T12:43:59,15048,worker,188.1,0.0
2026-08-12T12:43:59,30060,worker,175.1,0.0
2026-08-12T12:43:59,18604,worker,172.0,0.0
2026-08-12T12:43:59,564,worker,174.5,0.0
2026-08-12T12:44:14,28320,padre,4.6,0.0
2026-08-12T12:44:14,18880,worker,34.8,0.0
2026-08-12T12:44:14,32672,worker,285.1,0.0
2026-08-12T12:44:14,17792,worker,270.8,0.0
2026-08-12T12:44:14,22824,worker,288.6,0.0
2026-08-12T12:44:14,6420,worker,270.0,0.0
2026-08-12T12:44:14,16576,worker,166.7,0.0
2026-08-12T12:44:14,32568,worker,160.9,0.0
2026-08-12T12:44:14,16536,worker,164.7,0.0
2026-08-12T12:44:14,12412,worker,161.2,0.0
2026-08-12T12:44:14,15048,worker,188.1,0.0
2026-08-12T12:44:14,30060,worker,186.1,0.0
2026-08-12T12:44:14,18604,worker,160.2,0.0
2026-08-12T12:44:14,564,worker,180.1,0.0
2026-08-12T12:44:29,28320,padre,4.6,0.0
2026-08-12T12:44:29,18880,worker,34.8,0.0
2026-08-12T12:44:29,32672,worker,295.7,0.0
2026-08-12T12:44:29,17792,worker,270.1,0.0
2026-08-12T12:44:29,22824,worker,283.8,0.0
2026-08-12T12:44:29,6420,worker,270.1,0.0
2026-08-12T12:44:29,16576,worker,171.9,0.0
2026-08-12T12:44:29,32568,worker,169.3,0.0
2026-08-12T12:44:29,16536,worker,164.7,0.0
2026-08-12T12:44:29,12412,worker,161.2,0.0
2026-08-12T12:44:29,15048,worker,188.1,0.0
2026-08-12T12:44:29,30060,worker,168.2,0.0
2026-08-12T12:44:29,18604,worker,158.5,0.0
2026-08-12T12:44:29,564,worker,175.1,0.0
2026-08-12T12:44:44,28320,padre,4.6,0.0
2026-08-12T12:44:44,18880,worker,34.8,0.0
2026-08-12T12:44:44,32672,worker,296.1,0.0
2026-08-12T12:44:44,17792,worker,259.4,0.0
2026-08-12T12:44:44,22824,worker,281.2,0.0
2026-08-12T12:44:44,6420,worker,277.8,0.0
2026-08-12T12:44:44,16576,worker,160.0,0.0
2026-08-12T12:44:44,32568,worker,204.2,0.0
2026-08-12T12:44:44,16536,worker,164.7,0.0
2026-08-12T12:44:44,12412,worker,166.1,0.0
2026-08-12T12:44:44,15048,worker,177.6,0.0
2026-08-12T12:44:44,30060,worker,176.2,0.0
2026-08-12T12:44:44,18604,worker,160.5,0.0
2026-08-12T12:44:44,564,worker,182.0,0.0
2026-08-12T12:44:59,28320,padre,4.6,0.0
2026-08-12T12:44:59,18880,worker,34.8,0.0
2026-08-12T12:44:59,32672,worker,296.0,0.0
2026-08-12T12:44:59,17792,worker,286.8,0.0
2026-08-12T12:44:59,22824,worker,275.5,0.0
2026-08-12T12:44:59,6420,worker,273.0,0.0
2026-08-12T12:44:59,16576,worker,178.7,0.0
2026-08-12T12:44:59,32568,worker,168.8,0.0
2026-08-12T12:44:59,16536,worker,157.9,0.0
2026-08-12T12:44:59,12412,worker,161.6,0.0
2026-08-12T12:44:59,15048,worker,177.6,0.0
2026-08-12T12:44:59,30060,worker,176.2,0.0
2026-08-12T12:44:59,18604,worker,161.8,0.0
2026-08-12T12:44:59,564,worker,186.4,0.0
2026-08-12T12:45:14,28320,padre,4.6,0.0
2026-08-12T12:45:14,18880,worker,34.8,0.0
2026-08-12T12:45:14,32672,worker,285.1,0.0
2026-08-12T12:45:14,17792,worker,287.1,0.0
2026-08-12T12:45:14,22824,worker,274.5,0.0
2026-08-12T12:45:14,6420,worker,262.4,0.0
2026-08-12T12:45:14,16576,worker,169.0,0.0
2026-08-12T12:45:14,32568,worker,180.8,0.0
2026-08-12T12:45:14,16536,worker,165.4,0.0
2026-08-12T12:45:14,12412,worker,161.6,0.0
2026-08-12T12:45:14,15048,worker,177.6,0.0
2026-08-12T12:45:14,30060,worker,176.2,0.0
2026-08-12T12:45:14,18604,worker,161.8,0.0
2026-08-12T12:45:14,564,worker,193.1,0.0
2026-08-12T12:45:29,28320,padre,4.6,0.0
2026-08-12T12:45:29,18880,worker,34.8,0.0
2026-08-12T12:45:29,32672,worker,285.2,0.0
2026-08-12T12:45:29,17792,worker,281.4,0.0
2026-08-12T12:45:29,22824,worker,273.5,0.0
2026-08-12T12:45:29,6420,worker,261.7,0.0
2026-08-12T12:45:29,16576,worker,174.2,0.0
2026-08-12T12:45:29,32568,worker,180.8,0.0
2026-08-12T12:45:29,16536,worker,160.3,0.0
2026-08-12T12:45:29,12412,worker,170.9,0.0
2026-08-12T12:45:29,15048,worker,156.3,0.0
2026-08-12T12:45:29,30060,worker,176.2,0.0
2026-08-12T12:45:29,18604,worker,161.8,0.0
2026-08-12T12:45:29,564,worker,193.1,0.0
2026-08-12T12:45:44,28320,padre,4.6,0.0
2026-08-12T12:45:44,18880,worker,34.8,0.0
2026-08-12T12:45:44,32672,worker,309.7,0.0
2026-08-12T12:45:44,17792,worker,280.2,0.0
2026-08-12T12:45:44,22824,worker,274.1,0.0
2026-08-12T12:45:44,6420,worker,262.7,0.0
2026-08-12T12:45:44,16576,worker,174.2,0.0
2026-08-12T12:45:44,32568,worker,186.3,0.0
2026-08-12T12:45:44,16536,worker,165.1,0.0
2026-08-12T12:45:44,12412,worker,171.0,0.0
2026-08-12T12:45:44,15048,worker,159.3,0.0
2026-08-12T12:45:44,30060,worker,168.8,0.0
2026-08-12T12:45:44,18604,worker,161.8,0.0
2026-08-12T12:45:44,564,worker,193.1,0.0
2026-08-12T12:45:59,28320,padre,4.6,0.0
2026-08-12T12:45:59,18880,worker,34.8,0.0
2026-08-12T12:45:59,32672,worker,294.4,0.0
2026-08-12T12:45:59,17792,worker,275.4,0.0
2026-08-12T12:45:59,22824,worker,274.4,0.0
2026-08-12T12:45:59,6420,worker,267.5,0.0
2026-08-12T12:45:59,16576,worker,174.2,0.0
2026-08-12T12:45:59,32568,worker,186.3,0.0
2026-08-12T12:45:59,16536,worker,165.1,0.0
2026-08-12T12:45:59,12412,worker,171.0,0.0
2026-08-12T12:45:59,15048,worker,163.5,0.0
2026-08-12T12:45:59,30060,worker,168.8,0.0
2026-08-12T12:45:59,18604,worker,167.2,0.0
2026-08-12T12:45:59,564,worker,193.1,0.0
2026-08-12T12:46:14,28320,padre,4.6,0.0
2026-08-12T12:46:14,18880,worker,34.8,0.0
2026-08-12T12:46:14,32672,worker,294.6,0.0
2026-08-12T12:46:14,17792,worker,275.6,0.0
2026-08-12T12:46:14,22824,worker,274.4,0.0
2026-08-12T12:46:14,6420,worker,275.7,0.0
2026-08-12T12:46:14,16576,worker,160.8,0.0
2026-08-12T12:46:14,32568,worker,161.9,0.0
2026-08-12T12:46:14,16536,worker,165.1,0.0
2026-08-12T12:46:14,12412,worker,176.1,0.0
2026-08-12T12:46:14,15048,worker,170.3,0.0
2026-08-12T12:46:14,30060,worker,177.4,0.0
2026-08-12T12:46:14,18604,worker,167.2,0.0
2026-08-12T12:46:14,564,worker,193.1,0.0
2026-08-12T12:46:29,28320,padre,4.6,0.0
2026-08-12T12:46:29,18880,worker,34.8,0.0
2026-08-12T12:46:29,32672,worker,294.7,0.0
2026-08-12T12:46:29,17792,worker,275.8,0.0
2026-08-12T12:46:29,22824,worker,272.5,0.0
2026-08-12T12:46:29,6420,worker,265.1,0.0
2026-08-12T12:46:29,16576,worker,170.2,0.0
2026-08-12T12:46:29,32568,worker,165.9,0.0
2026-08-12T12:46:29,16536,worker,160.0,0.0
2026-08-12T12:46:29,12412,worker,166.9,0.0
2026-08-12T12:46:29,15048,worker,170.3,0.0
2026-08-12T12:46:29,30060,worker,177.0,0.0
2026-08-12T12:46:29,18604,worker,167.2,0.0
2026-08-12T12:46:29,564,worker,194.3,0.0
2026-08-12T12:46:44,28320,padre,4.6,0.0
2026-08-12T12:46:44,18880,worker,34.8,0.0
2026-08-12T12:46:44,32672,worker,294.6,0.0
2026-08-12T12:46:44,17792,worker,280.7,0.0
2026-08-12T12:46:44,22824,worker,272.5,0.0
2026-08-12T12:46:44,6420,worker,265.3,0.0
2026-08-12T12:46:44,16576,worker,180.4,0.0
2026-08-12T12:46:44,32568,worker,171.2,0.0
2026-08-12T12:46:44,16536,worker,160.0,0.0
2026-08-12T12:46:44,12412,worker,166.9,0.0
2026-08-12T12:46:44,15048,worker,170.3,0.0
2026-08-12T12:46:44,30060,worker,177.0,0.0
2026-08-12T12:46:44,18604,worker,159.9,0.0
2026-08-12T12:46:44,564,worker,176.0,0.0
2026-08-12T12:46:59,28320,padre,4.6,0.0
2026-08-12T12:46:59,18880,worker,34.8,0.0
2026-08-12T12:46:59,32672,worker,294.6,0.0
2026-08-12T12:46:59,17792,worker,286.3,0.0
2026-08-12T12:46:59,22824,worker,286.9,0.0
2026-08-12T12:46:59,6420,worker,266.1,0.0
2026-08-12T12:46:59,16576,worker,163.1,0.0
2026-08-12T12:46:59,32568,worker,180.8,0.0
2026-08-12T12:46:59,16536,worker,160.0,0.0
2026-08-12T12:46:59,12412,worker,186.5,0.0
2026-08-12T12:46:59,15048,worker,154.5,0.0
2026-08-12T12:46:59,30060,worker,176.4,0.0
2026-08-12T12:46:59,18604,worker,159.9,0.0
2026-08-12T12:46:59,564,worker,176.0,0.0
2026-08-12T12:47:14,28320,padre,4.6,0.0
2026-08-12T12:47:14,18880,worker,34.8,0.0
2026-08-12T12:47:14,32672,worker,294.5,0.0
2026-08-12T12:47:14,17792,worker,271.7,0.0
2026-08-12T12:47:14,22824,worker,276.1,0.0
2026-08-12T12:47:14,6420,worker,274.3,0.0
2026-08-12T12:47:14,16576,worker,181.2,0.0
2026-08-12T12:47:14,32568,worker,184.1,0.0
2026-08-12T12:47:14,16536,worker,167.2,0.0
2026-08-12T12:47:14,12412,worker,174.5,0.0
2026-08-12T12:47:14,15048,worker,159.9,0.0
2026-08-12T12:47:14,30060,worker,176.4,0.0
2026-08-12T12:47:14,18604,worker,159.9,0.0
2026-08-12T12:47:14,564,worker,179.7,0.0
2026-08-12T12:47:29,28320,padre,4.6,0.0
2026-08-12T12:47:29,18880,worker,34.8,0.0
2026-08-12T12:47:29,32672,worker,283.5,0.0
2026-08-12T12:47:29,17792,worker,272.2,0.0
2026-08-12T12:47:29,22824,worker,280.9,0.0
2026-08-12T12:47:29,6420,worker,273.5,0.0
2026-08-12T12:47:29,16576,worker,163.5,0.0
2026-08-12T12:47:29,32568,worker,163.3,0.0
2026-08-12T12:47:29,16536,worker,179.2,0.0
2026-08-12T12:47:29,12412,worker,187.1,0.0
2026-08-12T12:47:29,15048,worker,161.3,0.0
2026-08-12T12:47:29,30060,worker,183.1,0.0
2026-08-12T12:47:29,18604,worker,160.9,0.0
2026-08-12T12:47:29,564,worker,169.0,0.0
2026-08-12T12:47:44,28320,padre,4.6,0.0
2026-08-12T12:47:44,18880,worker,34.8,0.0
2026-08-12T12:47:44,32672,worker,283.5,0.0
2026-08-12T12:47:44,17792,worker,272.2,0.0
2026-08-12T12:47:44,22824,worker,268.3,0.0
2026-08-12T12:47:44,6420,worker,273.6,0.0
2026-08-12T12:47:44,16576,worker,163.5,0.0
2026-08-12T12:47:44,32568,worker,163.3,0.0
2026-08-12T12:47:44,16536,worker,160.2,0.0
2026-08-12T12:47:44,12412,worker,176.3,0.0
2026-08-12T12:47:44,15048,worker,161.3,0.0
2026-08-12T12:47:44,30060,worker,183.1,0.0
2026-08-12T12:47:44,18604,worker,175.1,0.0
2026-08-12T12:47:44,564,worker,174.8,0.0
2026-08-12T12:48:00,28320,padre,4.6,0.0
2026-08-12T12:48:00,18880,worker,34.8,0.0
2026-08-12T12:48:00,32672,worker,282.5,0.0
2026-08-12T12:48:00,17792,worker,272.4,0.0
2026-08-12T12:48:00,22824,worker,270.9,0.0
2026-08-12T12:48:00,6420,worker,273.5,0.0
2026-08-12T12:48:00,16576,worker,163.5,0.0
2026-08-12T12:48:00,32568,worker,163.3,0.0
2026-08-12T12:48:00,16536,worker,173.2,0.0
2026-08-12T12:48:00,12412,worker,193.0,0.0
2026-08-12T12:48:00,15048,worker,171.8,0.0
2026-08-12T12:48:00,30060,worker,192.9,0.0
2026-08-12T12:48:00,18604,worker,175.1,0.0
2026-08-12T12:48:00,564,worker,180.4,0.0
2026-08-12T12:48:15,28320,padre,4.6,0.0
2026-08-12T12:48:15,18880,worker,34.8,0.0
2026-08-12T12:48:15,32672,worker,283.1,0.0
2026-08-12T12:48:15,17792,worker,288.6,0.0
2026-08-12T12:48:15,22824,worker,269.6,0.0
2026-08-12T12:48:15,6420,worker,277.8,0.0
2026-08-12T12:48:15,16576,worker,181.3,0.0
2026-08-12T12:48:15,32568,worker,164.5,0.0
2026-08-12T12:48:15,16536,worker,168.3,0.0
2026-08-12T12:48:15,12412,worker,174.6,0.0
2026-08-12T12:48:15,15048,worker,176.2,0.0
2026-08-12T12:48:15,30060,worker,184.1,0.0
2026-08-12T12:48:15,18604,worker,179.8,0.0
2026-08-12T12:48:15,564,worker,183.8,0.0
2026-08-12T12:48:30,28320,padre,4.6,0.0
2026-08-12T12:48:30,18880,worker,34.8,0.0
2026-08-12T12:48:30,32672,worker,280.3,0.0
2026-08-12T12:48:30,17792,worker,276.6,0.0
2026-08-12T12:48:30,22824,worker,269.6,0.0
2026-08-12T12:48:30,6420,worker,266.0,0.0
2026-08-12T12:48:30,16576,worker,164.1,0.0
2026-08-12T12:48:30,32568,worker,172.2,0.0
2026-08-12T12:48:30,16536,worker,168.3,0.0
2026-08-12T12:48:30,12412,worker,181.3,0.0
2026-08-12T12:48:30,15048,worker,166.8,0.0
2026-08-12T12:48:30,30060,worker,164.0,0.0
2026-08-12T12:48:30,18604,worker,175.4,0.0
2026-08-12T12:48:30,564,worker,184.6,0.0
2026-08-12T12:48:45,28320,padre,4.6,0.0
2026-08-12T12:48:45,18880,worker,34.8,0.0
2026-08-12T12:48:45,32672,worker,280.2,0.0
2026-08-12T12:48:45,17792,worker,276.6,0.0
2026-08-12T12:48:45,22824,worker,269.6,0.0
2026-08-12T12:48:45,6420,worker,275.8,0.0
2026-08-12T12:48:45,16576,worker,168.0,0.0
2026-08-12T12:48:45,32568,worker,183.2,0.0
2026-08-12T12:48:45,16536,worker,172.6,0.0
2026-08-12T12:48:45,12412,worker,151.1,0.0
2026-08-12T12:48:45,15048,worker,166.8,0.0
2026-08-12T12:48:45,30060,worker,164.0,0.0
2026-08-12T12:48:45,18604,worker,180.3,0.0
2026-08-12T12:48:45,564,worker,167.6,0.0
2026-08-12T12:49:00,28320,padre,4.6,0.0
2026-08-12T12:49:00,18880,worker,34.8,0.0
2026-08-12T12:49:00,32672,worker,291.0,0.0
2026-08-12T12:49:00,17792,worker,276.7,0.0
2026-08-12T12:49:00,22824,worker,269.6,0.0
2026-08-12T12:49:00,6420,worker,276.0,0.0
2026-08-12T12:49:00,16576,worker,168.0,0.0
2026-08-12T12:49:00,32568,worker,165.2,0.0
2026-08-12T12:49:00,16536,worker,172.6,0.0
2026-08-12T12:49:00,12412,worker,151.1,0.0
2026-08-12T12:49:00,15048,worker,166.8,0.0
2026-08-12T12:49:00,30060,worker,171.0,0.0
2026-08-12T12:49:00,18604,worker,168.4,0.0
2026-08-12T12:49:00,564,worker,167.9,0.0
2026-08-12T12:49:15,28320,padre,4.4,0.0
2026-08-12T12:49:15,18880,worker,34.4,0.0
2026-08-12T12:49:15,32672,worker,277.7,0.0
2026-08-12T12:49:15,17792,worker,285.3,0.0
2026-08-12T12:49:15,22824,worker,283.6,0.0
2026-08-12T12:49:15,6420,worker,268.0,0.0
2026-08-12T12:49:15,16576,worker,160.0,0.0
2026-08-12T12:49:15,32568,worker,171.5,0.0
2026-08-12T12:49:15,16536,worker,171.0,0.0
2026-08-12T12:49:15,12412,worker,149.6,0.0
2026-08-12T12:49:15,15048,worker,164.8,0.0
2026-08-12T12:49:15,30060,worker,169.4,0.0
2026-08-12T12:49:15,18604,worker,175.9,0.0
2026-08-12T12:49:15,564,worker,174.3,0.0
2026-08-12T12:49:30,28320,padre,4.4,0.0
2026-08-12T12:49:30,18880,worker,34.4,0.0
2026-08-12T12:49:30,32672,worker,285.7,0.0
2026-08-12T12:49:30,17792,worker,285.3,0.0
2026-08-12T12:49:30,22824,worker,282.8,0.0
2026-08-12T12:49:30,6420,worker,289.3,0.0
2026-08-12T12:49:30,16576,worker,163.0,0.0
2026-08-12T12:49:30,32568,worker,171.5,0.0
2026-08-12T12:49:30,16536,worker,176.8,0.0
2026-08-12T12:49:30,12412,worker,153.5,0.0
2026-08-12T12:49:30,15048,worker,164.8,0.0
2026-08-12T12:49:30,30060,worker,169.4,0.0
2026-08-12T12:49:30,18604,worker,174.2,0.0
2026-08-12T12:49:30,564,worker,166.7,0.0
2026-08-12T12:49:45,28320,padre,4.4,0.0
2026-08-12T12:49:45,18880,worker,34.4,0.0
2026-08-12T12:49:45,32672,worker,285.6,0.0
2026-08-12T12:49:45,17792,worker,273.8,0.0
2026-08-12T12:49:45,22824,worker,283.1,0.0
2026-08-12T12:49:45,6420,worker,275.0,0.0
2026-08-12T12:49:45,16576,worker,163.0,0.0
2026-08-12T12:49:45,32568,worker,165.1,0.0
2026-08-12T12:49:45,16536,worker,179.3,0.0
2026-08-12T12:49:45,12412,worker,153.5,0.0
2026-08-12T12:49:45,15048,worker,172.2,0.0
2026-08-12T12:49:45,30060,worker,174.7,0.0
2026-08-12T12:49:45,18604,worker,174.2,0.0
2026-08-12T12:49:45,564,worker,166.7,0.0
2026-08-12T12:50:00,28320,padre,4.4,0.0
2026-08-12T12:50:00,18880,worker,34.4,0.0
2026-08-12T12:50:00,32672,worker,274.9,0.0
2026-08-12T12:50:00,17792,worker,279.2,0.0
2026-08-12T12:50:00,22824,worker,282.1,0.0
2026-08-12T12:50:00,6420,worker,264.5,0.0
2026-08-12T12:50:00,16576,worker,168.3,0.0
2026-08-12T12:50:00,32568,worker,174.6,0.0
2026-08-12T12:50:00,16536,worker,179.3,0.0
2026-08-12T12:50:00,12412,worker,153.5,0.0
2026-08-12T12:50:00,15048,worker,172.2,0.0
2026-08-12T12:50:00,30060,worker,162.7,0.0
2026-08-12T12:50:00,18604,worker,175.1,0.0
2026-08-12T12:50:00,564,worker,166.7,0.0
2026-08-12T12:50:15,28320,padre,4.4,0.0
2026-08-12T12:50:15,18880,worker,34.4,0.0
2026-08-12T12:50:15,32672,worker,274.5,0.0
2026-08-12T12:50:15,17792,worker,274.4,0.0
2026-08-12T12:50:15,22824,worker,278.6,0.0
2026-08-12T12:50:15,6420,worker,275.5,0.0
2026-08-12T12:50:15,16576,worker,163.8,0.0
2026-08-12T12:50:15,32568,worker,160.5,0.0
2026-08-12T12:50:15,16536,worker,179.3,0.0
2026-08-12T12:50:15,12412,worker,153.5,0.0
2026-08-12T12:50:15,15048,worker,166.7,0.0
2026-08-12T12:50:15,30060,worker,162.7,0.0
2026-08-12T12:50:15,18604,worker,175.1,0.0
2026-08-12T12:50:15,564,worker,166.7,0.0
2026-08-12T12:50:30,28320,padre,4.4,0.0
2026-08-12T12:50:30,18880,worker,34.4,0.0
2026-08-12T12:50:30,32672,worker,285.4,0.0
2026-08-12T12:50:30,17792,worker,264.4,0.0
2026-08-12T12:50:30,22824,worker,277.7,0.0
2026-08-12T12:50:30,6420,worker,284.7,0.0
2026-08-12T12:50:30,16576,worker,161.6,0.0
2026-08-12T12:50:30,32568,worker,173.2,0.0
2026-08-12T12:50:30,16536,worker,179.3,0.0
2026-08-12T12:50:30,12412,worker,158.2,0.0
2026-08-12T12:50:30,15048,worker,166.7,0.0
2026-08-12T12:50:30,30060,worker,171.5,0.0
2026-08-12T12:50:30,18604,worker,175.1,0.0
2026-08-12T12:50:30,564,worker,160.5,0.0
2026-08-12T12:50:45,28320,padre,4.4,0.0
2026-08-12T12:50:45,18880,worker,34.4,0.0
2026-08-12T12:50:45,32672,worker,285.3,0.0
2026-08-12T12:50:45,17792,worker,278.9,0.0
2026-08-12T12:50:45,22824,worker,277.4,0.0
2026-08-12T12:50:45,6420,worker,281.2,0.0
2026-08-12T12:50:45,16576,worker,168.4,0.0
2026-08-12T12:50:45,32568,worker,173.2,0.0
2026-08-12T12:50:45,16536,worker,179.3,0.0
2026-08-12T12:50:45,12412,worker,158.2,0.0
2026-08-12T12:50:45,15048,worker,172.1,0.0
2026-08-12T12:50:45,30060,worker,187.0,0.0
2026-08-12T12:50:45,18604,worker,175.1,0.0
2026-08-12T12:50:45,564,worker,160.5,0.0
2026-08-12T12:51:00,28320,padre,4.4,0.0
2026-08-12T12:51:00,18880,worker,34.4,0.0
2026-08-12T12:51:00,32672,worker,284.9,0.0
2026-08-12T12:51:00,17792,worker,278.9,0.0
2026-08-12T12:51:00,22824,worker,279.2,0.0
2026-08-12T12:51:00,6420,worker,280.0,0.0
2026-08-12T12:51:00,16576,worker,168.4,0.0
2026-08-12T12:51:00,32568,worker,173.2,0.0
2026-08-12T12:51:00,16536,worker,183.5,0.0
2026-08-12T12:51:00,12412,worker,154.4,0.0
2026-08-12T12:51:00,15048,worker,172.1,0.0
2026-08-12T12:51:00,30060,worker,169.5,0.0
2026-08-12T12:51:00,18604,worker,171.7,0.0
2026-08-12T12:51:00,564,worker,160.5,0.0
2026-08-12T12:51:15,28320,padre,4.4,0.0
2026-08-12T12:51:15,18880,worker,34.4,0.0
2026-08-12T12:51:15,32672,worker,274.6,0.0
2026-08-12T12:51:15,17792,worker,269.5,0.0
2026-08-12T12:51:15,22824,worker,279.2,0.0
2026-08-12T12:51:15,6420,worker,280.0,0.0
2026-08-12T12:51:15,16576,worker,168.4,0.0
2026-08-12T12:51:15,32568,worker,173.2,0.0
2026-08-12T12:51:15,16536,worker,165.8,0.0
2026-08-12T12:51:15,12412,worker,154.4,0.0
2026-08-12T12:51:15,15048,worker,178.8,0.0
2026-08-12T12:51:15,30060,worker,176.9,0.0
2026-08-12T12:51:15,18604,worker,171.7,0.0
2026-08-12T12:51:15,564,worker,168.2,0.0
2026-08-12T12:51:30,28320,padre,4.4,0.0
2026-08-12T12:51:30,18880,worker,34.4,0.0
2026-08-12T12:51:30,32672,worker,285.6,0.0
2026-08-12T12:51:30,17792,worker,268.8,0.0
2026-08-12T12:51:30,22824,worker,290.2,0.0
2026-08-12T12:51:30,6420,worker,278.8,0.0
2026-08-12T12:51:30,16576,worker,168.4,0.0
2026-08-12T12:51:30,32568,worker,178.9,0.0
2026-08-12T12:51:30,16536,worker,184.1,0.0
2026-08-12T12:51:30,12412,worker,165.7,0.0
2026-08-12T12:51:30,15048,worker,186.3,0.0
2026-08-12T12:51:30,30060,worker,176.9,0.0
2026-08-12T12:51:30,18604,worker,179.3,0.0
2026-08-12T12:51:30,564,worker,168.2,0.0
